{
  "customers": [
    {
      "name": "Manikanta",
      "phone": "7674955088",
      "amount": 2000,
      "id": 1
    },
    {
      "name": "Swamy",
      "phone": "7894561237",
      "amount": 2000,
      "id": 2
    },
    {
      "name": "admin",
      "phone": "7674955088",
      "amount": 1000,
      "id": 3
    },
    {
      "name": "Manikanta",
      "phone": "9638527412",
      "amount": 3000,
      "id": 4
    },
    {
      "name": "sdfg",
      "phone": "9989030516",
      "amount": 987,
      "id": 5
    },
    {
      "name": "Manikanta",
      "phone": "7674955088",
      "amount": 2000,
      "id": 6
    }
  ],
  "products": [
    {
      "id": 1,
      "pname": "pen",
      "price": 300
    },
    {
      "id": 2,
      "pname": "Book",
      "price": 100
    },
    {
      "id": 3,
      "pname": "ColorPencils",
      "price": 50
    },
    {
      "id": 4,
      "pname": "Papers",
      "price": 10
    },
    {
      "id": 5,
      "pname": "Pencils",
      "price": 20
    }
  ]
}